{
  "classes": [
    "A",
    "D",
    "H"
  ],
  "coef": [
    [
      -0.9031397360051181
    ],
    [
      -0.10657388202657697
    ],
    [
      1.009713618031695
    ]
  ],
  "intercept": [
    0.009288215047455212,
    -0.16352727188390848,
    0.15423905683644742
  ],
  "features": [
    "dr_over_400"
  ],
  "n_matches": 314,
  "n_samples": 314
}