{
  "classes": [
    "A",
    "D",
    "H"
  ],
  "coef": [
    [
      -1.3505448177872785
    ],
    [
      -0.030652720358040612
    ],
    [
      1.3811975381453216
    ]
  ],
  "intercept": [
    -0.057808891629152,
    -0.14582630342293995,
    0.20363519505231056
  ],
  "features": [
    "dr_over_400"
  ],
  "n_matches": 14794,
  "n_samples": 14794
}