{
  "classes": [
    "A",
    "D",
    "H"
  ],
  "coef": [
    [
      -1.7108884190169544,
      -0.21768777669276304,
      -0.14906783862480566,
      -0.48212582677307964,
      -0.8752208235202297,
      -0.014470086524527598,
      0.5537586097323852,
      1.6434699131732966
    ],
    [
      -0.15657270230716552,
      0.0337714788805734,
      -0.02403726010351986,
      0.07516051346567668,
      0.6216462409476361,
      -0.008843447346937523,
      -1.2341036204430265,
      0.13341113657789205
    ],
    [
      1.8674611213241188,
      0.18391629781219104,
      0.17310509872833518,
      0.40696531330739893,
      0.2535745825725961,
      0.02331353387146536,
      0.6803450107106418,
      -1.776881049751198
    ]
  ],
  "intercept": [
    -0.5128693530708126,
    0.8603964203142912,
    -0.3475270672439803
  ],
  "temperature": 1.25,
  "features": [
    "gd",
    "gd_clock",
    "xgd",
    "xgd_early",
    "mad",
    "mad_clock",
    "rem",
    "gd_rem"
  ],
  "n_matches": 551,
  "n_samples": 49590
}