{
  "classes": [
    "A",
    "D",
    "H"
  ],
  "coef": [
    [
      -0.31426331513033046,
      -0.4853428255717121,
      -0.18849128854964198,
      -0.3744867874883703,
      -1.1699066557756717,
      0.42995966411951403,
      0.5141716383474414
    ],
    [
      -0.055304546471400755,
      0.016244889416391625,
      -0.02540949362412515,
      0.0729324777783208,
      0.8382899392773169,
      -0.32566477113283043,
      -1.1798880341174895
    ],
    [
      0.3695678616017261,
      0.4690979361553233,
      0.21390078217376707,
      0.3015543097100477,
      0.3316167164983528,
      -0.10429489298668815,
      0.6657163957700741
    ]
  ],
  "intercept": [
    -0.484791157920275,
    0.8193734880073065,
    -0.3345823300882932
  ],
  "features": [
    "gd",
    "gd_clock",
    "xgd",
    "xgd_early",
    "mad",
    "mad_clock",
    "rem"
  ],
  "n_matches": 551,
  "n_samples": 49590
}